Protocol,Host_Advanced,Host_DefaultAlias,Host_alias,Host_Address,Host_Port,Host_Inbox,Host_Outbox,Host_Sentbox,Host_Receivedbox,Mailbox_alias,Mailbox_Username,Mailbox_Password,Mailbox_Usesigncert,Mailbox_Useencrcert,Mailbox_Overridelistenercerts,Mailbox_localsigncertpassword,Mailbox_localsigncertalias,Mailbox_localencrcertalias,Mailbox_localencrcertpassword,MailboxH_AS2-From,MailboxH_AS2-To,MailboxH_Subject,MailboxH_[Content-Type],Action_alias,Action_Commands,MailboxH_Content-Type,Mailbox_Encryptedrequest,Mailbox_Receiptdesired,Mailbox_Signedrequest,Mailbox_Encryptionmethod,Cert_ImportUserAlias,Cert_ImportPrivateKeyPwd,Cert_ImportLocation,LocalListener_localsigncertpassword,LocalListener_Httpport,LocalListener_localsigncertpassword
AS2,RESTEnabled=false,Generic AS2,AS2TP01,node1,6080,inbox\,outbox\,sentbox\,receivebox\,AS2TP01,,,TRUE,TRUE,TRUE,cleo,TEST1,TEST1,cleo,AS2TP01,AS2H001,TETPMessage,Binary,send,PUT * ,Binary,TRUE,TRUE,TRUE,4,TEST1,cleo,/root/certs/,cleo,6080,cleo
AS2,RESTEnabled=true,Generic AS2,AS2TP02,node1,6080,inbox\,outbox\,sentbox\,receivebox\,AS2TP02,,,TRUE,TRUE,TRUE,cleo,TEST2,TEST2,cleo,AS2TP02,AS2H002,TETPMessage,Binary,send,PUT * ,Binary,FALSE,FALSE,FALSE,3,TEST2,cleo,/root/certs/,cleo,6080,cleo
AS2,RESTEnabled=false,Generic AS2,AS2TP03,node1,6080,inbox\,outbox\,sentbox\,receivebox\,AS2TP03,,,TRUE,TRUE,TRUE,cleo,TEST3,TEST3,cleo,AS2TP03,AS2H003,TETPMessage,Binary,send,PUT * ,Binary,TRUE,TRUE,TRUE,2,TEST3,cleo,/root/certs/,cleo,6080,cleo
AS2,RESTEnabled=false,Generic AS2,AS2TP04,node1,6080,inbox\,outbox\,sentbox\,receivebox\,AS2TP04,,,TRUE,TRUE,TRUE,cleo,TEST4,TEST4,cleo,AS2TP04,AS2H004,TETPMessage,Binary,send,PUT * ,Binary,TRUE,TRUE,TRUE,2,TEST4,cleo,/root/certs/,cleo,6080,cleo
AS2,RESTEnabled=false,Generic AS2,AS2TP05,node1,6080,inbox\,outbox\,sentbox\,receivebox\,AS2TP05,,,TRUE,TRUE,TRUE,cleo,TEST5,TEST5,cleo,AS2TP05,AS2H005,TETPMessage,Binary,send,PUT * ,Binary,TRUE,TRUE,TRUE,2,TEST5,cleo,/root/certs/,cleo,6080,cleo
AS2,RESTEnabled=false,Generic AS2,AS2TP06,node1,6080,inbox\,outbox\,sentbox\,receivebox\,AS2TP06,,,TRUE,TRUE,TRUE,cleo,TEST6,TEST6,cleo,AS2TP06,AS2H006,TETPMessage,Binary,send,PUT * ,Binary,TRUE,TRUE,TRUE,2,TEST6,cleo,/root/certs/,cleo,6080,cleo
AS2,RESTEnabled=false,Generic AS2,AS2TP07,node1,6080,inbox\,outbox\,sentbox\,receivebox\,AS2TP07,,,TRUE,TRUE,TRUE,cleo,TEST7,TEST7,cleo,AS2TP07,AS2H007,TETPMessage,Binary,send,PUT * ,Binary,TRUE,TRUE,TRUE,2,TEST7,cleo,/root/certs/,cleo,6080,cleo
AS2,RESTEnabled=false,Generic AS2,AS2TP08,node1,6080,inbox\,outbox\,sentbox\,receivebox\,AS2TP08,,,TRUE,TRUE,TRUE,cleo,TEST8,TEST8,cleo,AS2TP08,AS2H008,TETPMessage,Binary,send,PUT * ,Binary,TRUE,TRUE,TRUE,2,TEST8,cleo,/root/certs/,cleo,6080,cleo
AS2,RESTEnabled=false,Generic AS2,AS2TP09,node1,6080,inbox\,outbox\,sentbox\,receivebox\,AS2TP09,,,TRUE,TRUE,TRUE,cleo,TEST9,TEST9,cleo,AS2TP09,AS2H009,TETPMessage,Binary,send,PUT * ,Binary,TRUE,TRUE,TRUE,2,TEST9,cleo,/root/certs/,cleo,6080,cleo
AS2,RESTEnabled=false,Generic AS2,AS2TP10,node1,6080,inbox\,outbox\,sentbox\,receivebox\,AS2TP10,,,TRUE,TRUE,TRUE,cleo,TEST10,TEST10,cleo,AS2TP10,AS2H010,TETPMessage,Binary,send,PUT * ,Binary,TRUE,TRUE,TRUE,2,TEST10,cleo,/root/certs/,cleo,6080,cleo
AS2,RESTEnabled=false,Generic AS2,AS2TP11,node1,6080,inbox\,outbox\,sentbox\,receivebox\,AS2TP11,,,TRUE,TRUE,TRUE,cleo,TEST11,TEST11,cleo,AS2TP11,AS2H011,TETPMessage,Binary,send,PUT * ,Binary,TRUE,TRUE,TRUE,2,TEST11,cleo,/root/certs/,cleo,6080,cleo
AS2,RESTEnabled=false,Generic AS2,AS2TP12,node1,6080,inbox\,outbox\,sentbox\,receivebox\,AS2TP12,,,TRUE,TRUE,TRUE,cleo,TEST12,TEST12,cleo,AS2TP12,AS2H012,TETPMessage,Binary,send,PUT * ,Binary,TRUE,TRUE,TRUE,2,TEST12,cleo,/root/certs/,cleo,6080,cleo
AS2,RESTEnabled=false,Generic AS2,AS2TP13,node1,6080,inbox\,outbox\,sentbox\,receivebox\,AS2TP13,,,TRUE,TRUE,TRUE,cleo,TEST13,TEST13,cleo,AS2TP13,AS2H013,TETPMessage,Binary,send,PUT * ,Binary,TRUE,TRUE,TRUE,2,TEST13,cleo,/root/certs/,cleo,6080,cleo
AS2,RESTEnabled=false,Generic AS2,AS2TP14,node1,6080,inbox\,outbox\,sentbox\,receivebox\,AS2TP14,,,TRUE,TRUE,TRUE,cleo,TEST14,TEST14,cleo,AS2TP14,AS2H014,TETPMessage,Binary,send,PUT * ,Binary,TRUE,TRUE,TRUE,2,TEST14,cleo,/root/certs/,cleo,6080,cleo
AS2,RESTEnabled=false,Generic AS2,AS2TP15,node1,6080,inbox\,outbox\,sentbox\,receivebox\,AS2TP15,,,TRUE,TRUE,TRUE,cleo,TEST15,TEST15,cleo,AS2TP15,AS2H015,TETPMessage,Binary,send,PUT * ,Binary,TRUE,TRUE,TRUE,2,TEST15,cleo,/root/certs/,cleo,6080,cleo
AS2,RESTEnabled=false,Generic AS2,AS2TP16,node1,6080,inbox\,outbox\,sentbox\,receivebox\,AS2TP16,,,TRUE,TRUE,TRUE,cleo,TEST16,TEST16,cleo,AS2TP16,AS2H016,TETPMessage,Binary,send,PUT * ,Binary,TRUE,TRUE,TRUE,2,TEST16,cleo,/root/certs/,cleo,6080,cleo
AS2,RESTEnabled=false,Generic AS2,AS2TP17,node1,6080,inbox\,outbox\,sentbox\,receivebox\,AS2TP17,,,TRUE,TRUE,TRUE,cleo,TEST17,TEST17,cleo,AS2TP17,AS2H017,TETPMessage,Binary,send,PUT * ,Binary,TRUE,TRUE,TRUE,2,TEST17,cleo,/root/certs/,cleo,6080,cleo
AS2,RESTEnabled=false,Generic AS2,AS2TP18,node1,6080,inbox\,outbox\,sentbox\,receivebox\,AS2TP18,,,TRUE,TRUE,TRUE,cleo,TEST18,TEST18,cleo,AS2TP18,AS2H018,TETPMessage,Binary,send,PUT * ,Binary,TRUE,TRUE,TRUE,2,TEST18,cleo,/root/certs/,cleo,6080,cleo
AS2,RESTEnabled=false,Generic AS2,AS2TP19,node1,6080,inbox\,outbox\,sentbox\,receivebox\,AS2TP19,,,TRUE,TRUE,TRUE,cleo,TEST19,TEST19,cleo,AS2TP19,AS2H019,TETPMessage,Binary,send,PUT * ,Binary,TRUE,TRUE,TRUE,2,TEST19,cleo,/root/certs/,cleo,6080,cleo
AS2,RESTEnabled=false,Generic AS2,AS2TP20,node1,6080,inbox\,outbox\,sentbox\,receivebox\,AS2TP20,,,TRUE,TRUE,TRUE,cleo,TEST20,TEST20,cleo,AS2TP20,AS2H020,TETPMessage,Binary,send,PUT * ,Binary,TRUE,TRUE,TRUE,2,TEST20,cleo,/root/certs/,cleo,6080,cleo
AS2,RESTEnabled=false,Generic AS2,AS2TP21,node1,6080,inbox\,outbox\,sentbox\,receivebox\,AS2TP21,,,TRUE,TRUE,TRUE,cleo,TEST21,TEST21,cleo,AS2TP21,AS2H021,TETPMessage,Binary,send,PUT * ,Binary,TRUE,TRUE,TRUE,2,TEST21,cleo,/root/certs/,cleo,6080,cleo
AS2,RESTEnabled=false,Generic AS2,AS2TP22,node1,6080,inbox\,outbox\,sentbox\,receivebox\,AS2TP22,,,TRUE,TRUE,TRUE,cleo,TEST22,TEST22,cleo,AS2TP22,AS2H022,TETPMessage,Binary,send,PUT * ,Binary,TRUE,TRUE,TRUE,2,TEST22,cleo,/root/certs/,cleo,6080,cleo
AS2,RESTEnabled=false,Generic AS2,AS2TP23,node1,6080,inbox\,outbox\,sentbox\,receivebox\,AS2TP23,,,TRUE,TRUE,TRUE,cleo,TEST23,TEST23,cleo,AS2TP23,AS2H023,TETPMessage,Binary,send,PUT * ,Binary,TRUE,TRUE,TRUE,2,TEST23,cleo,/root/certs/,cleo,6080,cleo
AS2,RESTEnabled=false,Generic AS2,AS2TP24,node1,6080,inbox\,outbox\,sentbox\,receivebox\,AS2TP24,,,TRUE,TRUE,TRUE,cleo,TEST24,TEST24,cleo,AS2TP24,AS2H024,TETPMessage,Binary,send,PUT * ,Binary,TRUE,TRUE,TRUE,2,TEST24,cleo,/root/certs/,cleo,6080,cleo
AS2,RESTEnabled=false,Generic AS2,AS2TP25,node1,6080,inbox\,outbox\,sentbox\,receivebox\,AS2TP25,,,TRUE,TRUE,TRUE,cleo,TEST25,TEST25,cleo,AS2TP25,AS2H025,TETPMessage,Binary,send,PUT * ,Binary,TRUE,TRUE,TRUE,2,TEST25,cleo,/root/certs/,cleo,6080,cleo
AS2,RESTEnabled=false,Generic AS2,AS2TP26,node1,6080,inbox\,outbox\,sentbox\,receivebox\,AS2TP26,,,TRUE,TRUE,TRUE,cleo,TEST26,TEST26,cleo,AS2TP26,AS2H026,TETPMessage,Binary,send,PUT * ,Binary,TRUE,TRUE,TRUE,2,TEST26,cleo,/root/certs/,cleo,6080,cleo
AS2,RESTEnabled=false,Generic AS2,AS2TP27,node1,6080,inbox\,outbox\,sentbox\,receivebox\,AS2TP27,,,TRUE,TRUE,TRUE,cleo,TEST27,TEST27,cleo,AS2TP27,AS2H027,TETPMessage,Binary,send,PUT * ,Binary,TRUE,TRUE,TRUE,2,TEST27,cleo,/root/certs/,cleo,6080,cleo
AS2,RESTEnabled=false,Generic AS2,AS2TP28,node1,6080,inbox\,outbox\,sentbox\,receivebox\,AS2TP28,,,TRUE,TRUE,TRUE,cleo,TEST28,TEST28,cleo,AS2TP28,AS2H028,TETPMessage,Binary,send,PUT * ,Binary,TRUE,TRUE,TRUE,2,TEST28,cleo,/root/certs/,cleo,6080,cleo
AS2,RESTEnabled=false,Generic AS2,AS2TP29,node1,6080,inbox\,outbox\,sentbox\,receivebox\,AS2TP29,,,TRUE,TRUE,TRUE,cleo,TEST29,TEST29,cleo,AS2TP29,AS2H029,TETPMessage,Binary,send,PUT * ,Binary,TRUE,TRUE,TRUE,2,TEST29,cleo,/root/certs/,cleo,6080,cleo
AS2,RESTEnabled=false,Generic AS2,AS2TP30,node1,6080,inbox\,outbox\,sentbox\,receivebox\,AS2TP30,,,TRUE,TRUE,TRUE,cleo,TEST30,TEST30,cleo,AS2TP30,AS2H030,TETPMessage,Binary,send,PUT * ,Binary,TRUE,TRUE,TRUE,2,TEST30,cleo,/root/certs/,cleo,6080,cleo
AS2,RESTEnabled=false,Generic AS2,AS2TP31,node1,6080,inbox\,outbox\,sentbox\,receivebox\,AS2TP31,,,TRUE,TRUE,TRUE,cleo,TEST31,TEST31,cleo,AS2TP31,AS2H031,TETPMessage,Binary,send,PUT * ,Binary,TRUE,TRUE,TRUE,2,TEST31,cleo,/root/certs/,cleo,6080,cleo
AS2,RESTEnabled=false,Generic AS2,AS2TP32,node1,6080,inbox\,outbox\,sentbox\,receivebox\,AS2TP32,,,TRUE,TRUE,TRUE,cleo,TEST32,TEST32,cleo,AS2TP32,AS2H032,TETPMessage,Binary,send,PUT * ,Binary,TRUE,TRUE,TRUE,2,TEST32,cleo,/root/certs/,cleo,6080,cleo
AS2,RESTEnabled=false,Generic AS2,AS2TP33,node1,6080,inbox\,outbox\,sentbox\,receivebox\,AS2TP33,,,TRUE,TRUE,TRUE,cleo,TEST33,TEST33,cleo,AS2TP33,AS2H033,TETPMessage,Binary,send,PUT * ,Binary,TRUE,TRUE,TRUE,2,TEST33,cleo,/root/certs/,cleo,6080,cleo
AS2,RESTEnabled=false,Generic AS2,AS2TP34,node1,6080,inbox\,outbox\,sentbox\,receivebox\,AS2TP34,,,TRUE,TRUE,TRUE,cleo,TEST34,TEST34,cleo,AS2TP34,AS2H034,TETPMessage,Binary,send,PUT * ,Binary,TRUE,TRUE,TRUE,2,TEST34,cleo,/root/certs/,cleo,6080,cleo
AS2,RESTEnabled=false,Generic AS2,AS2TP35,node1,6080,inbox\,outbox\,sentbox\,receivebox\,AS2TP35,,,TRUE,TRUE,TRUE,cleo,TEST35,TEST35,cleo,AS2TP35,AS2H035,TETPMessage,Binary,send,PUT * ,Binary,TRUE,TRUE,TRUE,2,TEST35,cleo,/root/certs/,cleo,6080,cleo
AS2,RESTEnabled=false,Generic AS2,AS2TP36,node1,6080,inbox\,outbox\,sentbox\,receivebox\,AS2TP36,,,TRUE,TRUE,TRUE,cleo,TEST36,TEST36,cleo,AS2TP36,AS2H036,TETPMessage,Binary,send,PUT * ,Binary,TRUE,TRUE,TRUE,2,TEST36,cleo,/root/certs/,cleo,6080,cleo
AS2,RESTEnabled=false,Generic AS2,AS2TP37,node1,6080,inbox\,outbox\,sentbox\,receivebox\,AS2TP37,,,TRUE,TRUE,TRUE,cleo,TEST37,TEST37,cleo,AS2TP37,AS2H037,TETPMessage,Binary,send,PUT * ,Binary,TRUE,TRUE,TRUE,2,TEST37,cleo,/root/certs/,cleo,6080,cleo
AS2,RESTEnabled=false,Generic AS2,AS2TP38,node1,6080,inbox\,outbox\,sentbox\,receivebox\,AS2TP38,,,TRUE,TRUE,TRUE,cleo,TEST38,TEST38,cleo,AS2TP38,AS2H038,TETPMessage,Binary,send,PUT * ,Binary,TRUE,TRUE,TRUE,2,TEST38,cleo,/root/certs/,cleo,6080,cleo
AS2,RESTEnabled=false,Generic AS2,AS2TP39,node1,6080,inbox\,outbox\,sentbox\,receivebox\,AS2TP39,,,TRUE,TRUE,TRUE,cleo,TEST39,TEST39,cleo,AS2TP39,AS2H039,TETPMessage,Binary,send,PUT * ,Binary,TRUE,TRUE,TRUE,2,TEST39,cleo,/root/certs/,cleo,6080,cleo
AS2,RESTEnabled=false,Generic AS2,AS2TP40,node1,6080,inbox\,outbox\,sentbox\,receivebox\,AS2TP40,,,TRUE,TRUE,TRUE,cleo,TEST40,TEST40,cleo,AS2TP40,AS2H040,TETPMessage,Binary,send,PUT * ,Binary,TRUE,TRUE,TRUE,2,TEST40,cleo,/root/certs/,cleo,6080,cleo
AS2,RESTEnabled=false,Generic AS2,AS2TP41,node1,6080,inbox\,outbox\,sentbox\,receivebox\,AS2TP41,,,TRUE,TRUE,TRUE,cleo,TEST41,TEST41,cleo,AS2TP41,AS2H041,TETPMessage,Binary,send,PUT * ,Binary,TRUE,TRUE,TRUE,2,TEST41,cleo,/root/certs/,cleo,6080,cleo
AS2,RESTEnabled=false,Generic AS2,AS2TP42,node1,6080,inbox\,outbox\,sentbox\,receivebox\,AS2TP42,,,TRUE,TRUE,TRUE,cleo,TEST42,TEST42,cleo,AS2TP42,AS2H042,TETPMessage,Binary,send,PUT * ,Binary,TRUE,TRUE,TRUE,2,TEST42,cleo,/root/certs/,cleo,6080,cleo
AS2,RESTEnabled=false,Generic AS2,AS2TP43,node1,6080,inbox\,outbox\,sentbox\,receivebox\,AS2TP43,,,TRUE,TRUE,TRUE,cleo,TEST43,TEST43,cleo,AS2TP43,AS2H043,TETPMessage,Binary,send,PUT * ,Binary,TRUE,TRUE,TRUE,2,TEST43,cleo,/root/certs/,cleo,6080,cleo
AS2,RESTEnabled=false,Generic AS2,AS2TP44,node1,6080,inbox\,outbox\,sentbox\,receivebox\,AS2TP44,,,TRUE,TRUE,TRUE,cleo,TEST44,TEST44,cleo,AS2TP44,AS2H044,TETPMessage,Binary,send,PUT * ,Binary,TRUE,TRUE,TRUE,2,TEST44,cleo,/root/certs/,cleo,6080,cleo
AS2,RESTEnabled=false,Generic AS2,AS2TP45,node1,6080,inbox\,outbox\,sentbox\,receivebox\,AS2TP45,,,TRUE,TRUE,TRUE,cleo,TEST45,TEST45,cleo,AS2TP45,AS2H045,TETPMessage,Binary,send,PUT * ,Binary,TRUE,TRUE,TRUE,2,TEST45,cleo,/root/certs/,cleo,6080,cleo
AS2,RESTEnabled=false,Generic AS2,AS2TP46,node1,6080,inbox\,outbox\,sentbox\,receivebox\,AS2TP46,,,TRUE,TRUE,TRUE,cleo,TEST46,TEST46,cleo,AS2TP46,AS2H046,TETPMessage,Binary,send,PUT * ,Binary,TRUE,TRUE,TRUE,2,TEST46,cleo,/root/certs/,cleo,6080,cleo
AS2,RESTEnabled=false,Generic AS2,AS2TP47,node1,6080,inbox\,outbox\,sentbox\,receivebox\,AS2TP47,,,TRUE,TRUE,TRUE,cleo,TEST47,TEST47,cleo,AS2TP47,AS2H047,TETPMessage,Binary,send,PUT * ,Binary,TRUE,TRUE,TRUE,2,TEST47,cleo,/root/certs/,cleo,6080,cleo
AS2,RESTEnabled=false,Generic AS2,AS2TP48,node1,6080,inbox\,outbox\,sentbox\,receivebox\,AS2TP48,,,TRUE,TRUE,TRUE,cleo,TEST48,TEST48,cleo,AS2TP48,AS2H048,TETPMessage,Binary,send,PUT * ,Binary,TRUE,TRUE,TRUE,2,TEST48,cleo,/root/certs/,cleo,6080,cleo
AS2,RESTEnabled=false,Generic AS2,AS2TP49,node1,6080,inbox\,outbox\,sentbox\,receivebox\,AS2TP49,,,TRUE,TRUE,TRUE,cleo,TEST49,TEST49,cleo,AS2TP49,AS2H049,TETPMessage,Binary,send,PUT * ,Binary,TRUE,TRUE,TRUE,2,TEST49,cleo,/root/certs/,cleo,6080,cleo
AS2,RESTEnabled=false,Generic AS2,AS2TP50,node1,6080,inbox\,outbox\,sentbox\,receivebox\,AS2TP50,,,TRUE,TRUE,TRUE,cleo,TEST50,TEST50,cleo,AS2TP50,AS2H050,TETPMessage,Binary,send,PUT * ,Binary,TRUE,TRUE,TRUE,2,TEST50,cleo,/root/certs/,cleo,6080,cleo
AS2,RESTEnabled=false,Generic AS2,AS2TP51,node1,6080,inbox\,outbox\,sentbox\,receivebox\,AS2TP51,,,TRUE,TRUE,TRUE,cleo,TEST51,TEST51,cleo,AS2TP51,AS2H051,TETPMessage,Binary,send,PUT * ,Binary,TRUE,TRUE,TRUE,2,TEST51,cleo,/root/certs/,cleo,6080,cleo
AS2,RESTEnabled=false,Generic AS2,AS2TP52,node1,6080,inbox\,outbox\,sentbox\,receivebox\,AS2TP52,,,TRUE,TRUE,TRUE,cleo,TEST52,TEST52,cleo,AS2TP52,AS2H052,TETPMessage,Binary,send,PUT * ,Binary,TRUE,TRUE,TRUE,2,TEST52,cleo,/root/certs/,cleo,6080,cleo
AS2,RESTEnabled=false,Generic AS2,AS2TP53,node1,6080,inbox\,outbox\,sentbox\,receivebox\,AS2TP53,,,TRUE,TRUE,TRUE,cleo,TEST53,TEST53,cleo,AS2TP53,AS2H053,TETPMessage,Binary,send,PUT * ,Binary,TRUE,TRUE,TRUE,2,TEST53,cleo,/root/certs/,cleo,6080,cleo
AS2,RESTEnabled=false,Generic AS2,AS2TP54,node1,6080,inbox\,outbox\,sentbox\,receivebox\,AS2TP54,,,TRUE,TRUE,TRUE,cleo,TEST54,TEST54,cleo,AS2TP54,AS2H054,TETPMessage,Binary,send,PUT * ,Binary,TRUE,TRUE,TRUE,2,TEST54,cleo,/root/certs/,cleo,6080,cleo
AS2,RESTEnabled=false,Generic AS2,AS2TP55,node1,6080,inbox\,outbox\,sentbox\,receivebox\,AS2TP55,,,TRUE,TRUE,TRUE,cleo,TEST55,TEST55,cleo,AS2TP55,AS2H055,TETPMessage,Binary,send,PUT * ,Binary,TRUE,TRUE,TRUE,2,TEST55,cleo,/root/certs/,cleo,6080,cleo
AS2,RESTEnabled=false,Generic AS2,AS2TP56,node1,6080,inbox\,outbox\,sentbox\,receivebox\,AS2TP56,,,TRUE,TRUE,TRUE,cleo,TEST56,TEST56,cleo,AS2TP56,AS2H056,TETPMessage,Binary,send,PUT * ,Binary,TRUE,TRUE,TRUE,2,TEST56,cleo,/root/certs/,cleo,6080,cleo
AS2,RESTEnabled=false,Generic AS2,AS2TP57,node1,6080,inbox\,outbox\,sentbox\,receivebox\,AS2TP57,,,TRUE,TRUE,TRUE,cleo,TEST57,TEST57,cleo,AS2TP57,AS2H057,TETPMessage,Binary,send,PUT * ,Binary,TRUE,TRUE,TRUE,2,TEST57,cleo,/root/certs/,cleo,6080,cleo
AS2,RESTEnabled=false,Generic AS2,AS2TP58,node1,6080,inbox\,outbox\,sentbox\,receivebox\,AS2TP58,,,TRUE,TRUE,TRUE,cleo,TEST58,TEST58,cleo,AS2TP58,AS2H058,TETPMessage,Binary,send,PUT * ,Binary,TRUE,TRUE,TRUE,2,TEST58,cleo,/root/certs/,cleo,6080,cleo
AS2,RESTEnabled=false,Generic AS2,AS2TP59,node1,6080,inbox\,outbox\,sentbox\,receivebox\,AS2TP59,,,TRUE,TRUE,TRUE,cleo,TEST59,TEST59,cleo,AS2TP59,AS2H059,TETPMessage,Binary,send,PUT * ,Binary,TRUE,TRUE,TRUE,2,TEST59,cleo,/root/certs/,cleo,6080,cleo
AS2,RESTEnabled=false,Generic AS2,AS2TP60,node1,6080,inbox\,outbox\,sentbox\,receivebox\,AS2TP60,,,TRUE,TRUE,TRUE,cleo,TEST60,TEST60,cleo,AS2TP60,AS2H060,TETPMessage,Binary,send,PUT * ,Binary,TRUE,TRUE,TRUE,2,TEST60,cleo,/root/certs/,cleo,6080,cleo
AS2,RESTEnabled=false,Generic AS2,AS2TP61,node1,6080,inbox\,outbox\,sentbox\,receivebox\,AS2TP61,,,TRUE,TRUE,TRUE,cleo,TEST61,TEST61,cleo,AS2TP61,AS2H061,TETPMessage,Binary,send,PUT * ,Binary,TRUE,TRUE,TRUE,2,TEST61,cleo,/root/certs/,cleo,6080,cleo
AS2,RESTEnabled=false,Generic AS2,AS2TP62,node1,6080,inbox\,outbox\,sentbox\,receivebox\,AS2TP62,,,TRUE,TRUE,TRUE,cleo,TEST62,TEST62,cleo,AS2TP62,AS2H062,TETPMessage,Binary,send,PUT * ,Binary,TRUE,TRUE,TRUE,2,TEST62,cleo,/root/certs/,cleo,6080,cleo
AS2,RESTEnabled=false,Generic AS2,AS2TP63,node1,6080,inbox\,outbox\,sentbox\,receivebox\,AS2TP63,,,TRUE,TRUE,TRUE,cleo,TEST63,TEST63,cleo,AS2TP63,AS2H063,TETPMessage,Binary,send,PUT * ,Binary,TRUE,TRUE,TRUE,2,TEST63,cleo,/root/certs/,cleo,6080,cleo
AS2,RESTEnabled=false,Generic AS2,AS2TP64,node1,6080,inbox\,outbox\,sentbox\,receivebox\,AS2TP64,,,TRUE,TRUE,TRUE,cleo,TEST64,TEST64,cleo,AS2TP64,AS2H064,TETPMessage,Binary,send,PUT * ,Binary,TRUE,TRUE,TRUE,2,TEST64,cleo,/root/certs/,cleo,6080,cleo
AS2,RESTEnabled=false,Generic AS2,AS2TP65,node1,6080,inbox\,outbox\,sentbox\,receivebox\,AS2TP65,,,TRUE,TRUE,TRUE,cleo,TEST65,TEST65,cleo,AS2TP65,AS2H065,TETPMessage,Binary,send,PUT * ,Binary,TRUE,TRUE,TRUE,2,TEST65,cleo,/root/certs/,cleo,6080,cleo
AS2,RESTEnabled=false,Generic AS2,AS2TP66,node1,6080,inbox\,outbox\,sentbox\,receivebox\,AS2TP66,,,TRUE,TRUE,TRUE,cleo,TEST66,TEST66,cleo,AS2TP66,AS2H066,TETPMessage,Binary,send,PUT * ,Binary,TRUE,TRUE,TRUE,2,TEST66,cleo,/root/certs/,cleo,6080,cleo
AS2,RESTEnabled=false,Generic AS2,AS2TP67,node1,6080,inbox\,outbox\,sentbox\,receivebox\,AS2TP67,,,TRUE,TRUE,TRUE,cleo,TEST67,TEST67,cleo,AS2TP67,AS2H067,TETPMessage,Binary,send,PUT * ,Binary,TRUE,TRUE,TRUE,2,TEST67,cleo,/root/certs/,cleo,6080,cleo
AS2,RESTEnabled=false,Generic AS2,AS2TP68,node1,6080,inbox\,outbox\,sentbox\,receivebox\,AS2TP68,,,TRUE,TRUE,TRUE,cleo,TEST68,TEST68,cleo,AS2TP68,AS2H068,TETPMessage,Binary,send,PUT * ,Binary,TRUE,TRUE,TRUE,2,TEST68,cleo,/root/certs/,cleo,6080,cleo
AS2,RESTEnabled=false,Generic AS2,AS2TP69,node1,6080,inbox\,outbox\,sentbox\,receivebox\,AS2TP69,,,TRUE,TRUE,TRUE,cleo,TEST69,TEST69,cleo,AS2TP69,AS2H069,TETPMessage,Binary,send,PUT * ,Binary,TRUE,TRUE,TRUE,2,TEST69,cleo,/root/certs/,cleo,6080,cleo
AS2,RESTEnabled=false,Generic AS2,AS2TP70,node1,6080,inbox\,outbox\,sentbox\,receivebox\,AS2TP70,,,TRUE,TRUE,TRUE,cleo,TEST70,TEST70,cleo,AS2TP70,AS2H070,TETPMessage,Binary,send,PUT * ,Binary,TRUE,TRUE,TRUE,2,TEST70,cleo,/root/certs/,cleo,6080,cleo
AS2,RESTEnabled=false,Generic AS2,AS2TP71,node1,6080,inbox\,outbox\,sentbox\,receivebox\,AS2TP71,,,TRUE,TRUE,TRUE,cleo,TEST71,TEST71,cleo,AS2TP71,AS2H071,TETPMessage,Binary,send,PUT * ,Binary,TRUE,TRUE,TRUE,2,TEST71,cleo,/root/certs/,cleo,6080,cleo
AS2,RESTEnabled=false,Generic AS2,AS2TP72,node1,6080,inbox\,outbox\,sentbox\,receivebox\,AS2TP72,,,TRUE,TRUE,TRUE,cleo,TEST72,TEST72,cleo,AS2TP72,AS2H072,TETPMessage,Binary,send,PUT * ,Binary,TRUE,TRUE,TRUE,2,TEST72,cleo,/root/certs/,cleo,6080,cleo
AS2,RESTEnabled=false,Generic AS2,AS2TP73,node1,6080,inbox\,outbox\,sentbox\,receivebox\,AS2TP73,,,TRUE,TRUE,TRUE,cleo,TEST73,TEST73,cleo,AS2TP73,AS2H073,TETPMessage,Binary,send,PUT * ,Binary,TRUE,TRUE,TRUE,2,TEST73,cleo,/root/certs/,cleo,6080,cleo
AS2,RESTEnabled=false,Generic AS2,AS2TP74,node1,6080,inbox\,outbox\,sentbox\,receivebox\,AS2TP74,,,TRUE,TRUE,TRUE,cleo,TEST74,TEST74,cleo,AS2TP74,AS2H074,TETPMessage,Binary,send,PUT * ,Binary,TRUE,TRUE,TRUE,2,TEST74,cleo,/root/certs/,cleo,6080,cleo
AS2,RESTEnabled=false,Generic AS2,AS2TP75,node3,6080,inbox\,outbox\,sentbox\,receivebox\,AS2TP75,,,TRUE,TRUE,TRUE,cleo,TEST75,TEST75,cleo,AS2TP75,AS2H075,TETPMessage,Binary,send,PUT * ,Binary,TRUE,TRUE,TRUE,2,TEST75,cleo,/root/certs/,cleo,6080,cleo
AS2,RESTEnabled=false,Generic AS2,AS2TP76,node3,6080,inbox\,outbox\,sentbox\,receivebox\,AS2TP76,,,TRUE,TRUE,TRUE,cleo,TEST76,TEST76,cleo,AS2TP76,AS2H076,TETPMessage,Binary,send,PUT * ,Binary,TRUE,TRUE,TRUE,2,TEST76,cleo,/root/certs/,cleo,6080,cleo
AS2,RESTEnabled=false,Generic AS2,AS2TP77,node3,6080,inbox\,outbox\,sentbox\,receivebox\,AS2TP77,,,TRUE,TRUE,TRUE,cleo,TEST77,TEST77,cleo,AS2TP77,AS2H077,TETPMessage,Binary,send,PUT * ,Binary,TRUE,TRUE,TRUE,2,TEST77,cleo,/root/certs/,cleo,6080,cleo
AS2,RESTEnabled=false,Generic AS2,AS2TP78,node3,6080,inbox\,outbox\,sentbox\,receivebox\,AS2TP78,,,TRUE,TRUE,TRUE,cleo,TEST78,TEST78,cleo,AS2TP78,AS2H078,TETPMessage,Binary,send,PUT * ,Binary,TRUE,TRUE,TRUE,2,TEST78,cleo,/root/certs/,cleo,6080,cleo
AS2,RESTEnabled=false,Generic AS2,AS2TP79,node3,6080,inbox\,outbox\,sentbox\,receivebox\,AS2TP79,,,TRUE,TRUE,TRUE,cleo,TEST79,TEST79,cleo,AS2TP79,AS2H079,TETPMessage,Binary,send,PUT * ,Binary,TRUE,TRUE,TRUE,2,TEST79,cleo,/root/certs/,cleo,6080,cleo
AS2,RESTEnabled=false,Generic AS2,AS2TP80,node3,6080,inbox\,outbox\,sentbox\,receivebox\,AS2TP80,,,TRUE,TRUE,TRUE,cleo,TEST80,TEST80,cleo,AS2TP80,AS2H080,TETPMessage,Binary,send,PUT * ,Binary,TRUE,TRUE,TRUE,2,TEST80,cleo,/root/certs/,cleo,6080,cleo
AS2,RESTEnabled=false,Generic AS2,AS2TP81,node3,6080,inbox\,outbox\,sentbox\,receivebox\,AS2TP81,,,TRUE,TRUE,TRUE,cleo,TEST81,TEST81,cleo,AS2TP81,AS2H081,TETPMessage,Binary,send,PUT * ,Binary,TRUE,TRUE,TRUE,2,TEST81,cleo,/root/certs/,cleo,6080,cleo
AS2,RESTEnabled=false,Generic AS2,AS2TP82,node3,6080,inbox\,outbox\,sentbox\,receivebox\,AS2TP82,,,TRUE,TRUE,TRUE,cleo,TEST82,TEST82,cleo,AS2TP82,AS2H082,TETPMessage,Binary,send,PUT * ,Binary,TRUE,TRUE,TRUE,2,TEST82,cleo,/root/certs/,cleo,6080,cleo
AS2,RESTEnabled=false,Generic AS2,AS2TP83,node3,6080,inbox\,outbox\,sentbox\,receivebox\,AS2TP83,,,TRUE,TRUE,TRUE,cleo,TEST83,TEST83,cleo,AS2TP83,AS2H083,TETPMessage,Binary,send,PUT * ,Binary,TRUE,TRUE,TRUE,2,TEST83,cleo,/root/certs/,cleo,6080,cleo
AS2,RESTEnabled=false,Generic AS2,AS2TP84,node3,6080,inbox\,outbox\,sentbox\,receivebox\,AS2TP84,,,TRUE,TRUE,TRUE,cleo,TEST84,TEST84,cleo,AS2TP84,AS2H084,TETPMessage,Binary,send,PUT * ,Binary,TRUE,TRUE,TRUE,2,TEST84,cleo,/root/certs/,cleo,6080,cleo
AS2,RESTEnabled=false,Generic AS2,AS2TP85,node3,6080,inbox\,outbox\,sentbox\,receivebox\,AS2TP85,,,TRUE,TRUE,TRUE,cleo,TEST85,TEST85,cleo,AS2TP85,AS2H085,TETPMessage,Binary,send,PUT * ,Binary,TRUE,TRUE,TRUE,2,TEST85,cleo,/root/certs/,cleo,6080,cleo
AS2,RESTEnabled=false,Generic AS2,AS2TP86,node3,6080,inbox\,outbox\,sentbox\,receivebox\,AS2TP86,,,TRUE,TRUE,TRUE,cleo,TEST86,TEST86,cleo,AS2TP86,AS2H086,TETPMessage,Binary,send,PUT * ,Binary,TRUE,TRUE,TRUE,2,TEST86,cleo,/root/certs/,cleo,6080,cleo
AS2,RESTEnabled=false,Generic AS2,AS2TP87,node3,6080,inbox\,outbox\,sentbox\,receivebox\,AS2TP87,,,TRUE,TRUE,TRUE,cleo,TEST87,TEST87,cleo,AS2TP87,AS2H087,TETPMessage,Binary,send,PUT * ,Binary,TRUE,TRUE,TRUE,2,TEST87,cleo,/root/certs/,cleo,6080,cleo
AS2,RESTEnabled=false,Generic AS2,AS2TP88,node3,6080,inbox\,outbox\,sentbox\,receivebox\,AS2TP88,,,TRUE,TRUE,TRUE,cleo,TEST88,TEST88,cleo,AS2TP88,AS2H088,TETPMessage,Binary,send,PUT * ,Binary,TRUE,TRUE,TRUE,2,TEST88,cleo,/root/certs/,cleo,6080,cleo
AS2,RESTEnabled=false,Generic AS2,AS2TP89,node3,6080,inbox\,outbox\,sentbox\,receivebox\,AS2TP89,,,TRUE,TRUE,TRUE,cleo,TEST89,TEST89,cleo,AS2TP89,AS2H089,TETPMessage,Binary,send,PUT * ,Binary,TRUE,TRUE,TRUE,2,TEST89,cleo,/root/certs/,cleo,6080,cleo
AS2,RESTEnabled=false,Generic AS2,AS2TP90,node3,6080,inbox\,outbox\,sentbox\,receivebox\,AS2TP90,,,TRUE,TRUE,TRUE,cleo,TEST90,TEST90,cleo,AS2TP90,AS2H090,TETPMessage,Binary,send,PUT * ,Binary,TRUE,TRUE,TRUE,2,TEST90,cleo,/root/certs/,cleo,6080,cleo
AS2,RESTEnabled=false,Generic AS2,AS2TP91,node3,6080,inbox\,outbox\,sentbox\,receivebox\,AS2TP91,,,TRUE,TRUE,TRUE,cleo,TEST91,TEST91,cleo,AS2TP91,AS2H091,TETPMessage,Binary,send,PUT * ,Binary,TRUE,TRUE,TRUE,2,TEST91,cleo,/root/certs/,cleo,6080,cleo
AS2,RESTEnabled=false,Generic AS2,AS2TP92,node3,6080,inbox\,outbox\,sentbox\,receivebox\,AS2TP92,,,TRUE,TRUE,TRUE,cleo,TEST92,TEST92,cleo,AS2TP92,AS2H092,TETPMessage,Binary,send,PUT * ,Binary,TRUE,TRUE,TRUE,2,TEST92,cleo,/root/certs/,cleo,6080,cleo
AS2,RESTEnabled=false,Generic AS2,AS2TP93,node3,6080,inbox\,outbox\,sentbox\,receivebox\,AS2TP93,,,TRUE,TRUE,TRUE,cleo,TEST93,TEST93,cleo,AS2TP93,AS2H093,TETPMessage,Binary,send,PUT * ,Binary,TRUE,TRUE,TRUE,2,TEST93,cleo,/root/certs/,cleo,6080,cleo
AS2,RESTEnabled=false,Generic AS2,AS2TP94,node3,6080,inbox\,outbox\,sentbox\,receivebox\,AS2TP94,,,TRUE,TRUE,TRUE,cleo,TEST94,TEST94,cleo,AS2TP94,AS2H094,TETPMessage,Binary,send,PUT * ,Binary,TRUE,TRUE,TRUE,2,TEST94,cleo,/root/certs/,cleo,6080,cleo
AS2,RESTEnabled=false,Generic AS2,AS2TP95,node3,6080,inbox\,outbox\,sentbox\,receivebox\,AS2TP95,,,TRUE,TRUE,TRUE,cleo,TEST95,TEST95,cleo,AS2TP95,AS2H095,TETPMessage,Binary,send,PUT * ,Binary,TRUE,TRUE,TRUE,2,TEST95,cleo,/root/certs/,cleo,6080,cleo
AS2,RESTEnabled=false,Generic AS2,AS2TP96,node3,6080,inbox\,outbox\,sentbox\,receivebox\,AS2TP96,,,TRUE,TRUE,TRUE,cleo,TEST96,TEST96,cleo,AS2TP96,AS2H096,TETPMessage,Binary,send,PUT * ,Binary,TRUE,TRUE,TRUE,2,TEST96,cleo,/root/certs/,cleo,6080,cleo
AS2,RESTEnabled=false,Generic AS2,AS2TP97,node3,6080,inbox\,outbox\,sentbox\,receivebox\,AS2TP97,,,TRUE,TRUE,TRUE,cleo,TEST97,TEST97,cleo,AS2TP97,AS2H097,TETPMessage,Binary,send,PUT * ,Binary,TRUE,TRUE,TRUE,2,TEST97,cleo,/root/certs/,cleo,6080,cleo
AS2,RESTEnabled=false,Generic AS2,AS2TP98,node3,6080,inbox\,outbox\,sentbox\,receivebox\,AS2TP98,,,TRUE,TRUE,TRUE,cleo,TEST98,TEST98,cleo,AS2TP98,AS2H098,TETPMessage,Binary,send,PUT * ,Binary,TRUE,TRUE,TRUE,2,TEST98,cleo,/root/certs/,cleo,6080,cleo
AS2,RESTEnabled=false,Generic AS2,AS2TP99,node3,6080,inbox\,outbox\,sentbox\,receivebox\,AS2TP99,,,TRUE,TRUE,TRUE,cleo,TEST99,TEST99,cleo,AS2TP99,AS2H099,TETPMessage,Binary,send,PUT * ,Binary,TRUE,TRUE,TRUE,2,TEST99,cleo,/root/certs/,cleo,6080,cleo
AS2,RESTEnabled=false,Generic AS2,AS2TP100,node3,6080,inbox\,outbox\,sentbox\,receivebox\,AS2TP100,,,TRUE,TRUE,TRUE,cleo,TEST100,TEST100,cleo,AS2TP100,AS2H100,TETPMessage,Binary,send,PUT * ,Binary,TRUE,TRUE,TRUE,2,TEST100,cleo,/root/certs/,cleo,6080,cleo
AS2,RESTEnabled=false,Generic AS2,AS2TP101,node3,6080,inbox\,outbox\,sentbox\,receivebox\,AS2TP101,,,TRUE,TRUE,TRUE,cleo,TEST101,TEST101,cleo,AS2TP101,AS2H101,TETPMessage,Binary,send,PUT * ,Binary,TRUE,TRUE,TRUE,2,TEST101,cleo,/root/certs/,cleo,6080,cleo
FTP,RESTEnabled=false,Generic FTP,ftptest1,localhost,5021,inbox\,outbox\,sentbox\,receivebox\,ftptest1,ftptest1,cleo,,,,,,,,,,,,send,PUT * ,,,,,,,,,,,
FTP,RESTEnabled=false,Generic FTP,ftptest2,localhost,5021,inbox\,outbox\,sentbox\,receivebox\,ftptest2,ftptest2,cleo,,,,,,,,,,,,send,PUT * ,,,,,,,,,,,
FTP,RESTEnabled=false,Generic FTP,ftptest3,localhost,5021,inbox\,outbox\,sentbox\,receivebox\,ftptest3,ftptest3,cleo,,,,,,,,,,,,send,PUT * ,,,,,,,,,,,
FTP,RESTEnabled=false,Generic FTP,ftptest4,localhost,5021,inbox\,outbox\,sentbox\,receivebox\,ftptest4,ftptest4,cleo,,,,,,,,,,,,send,PUT * ,,,,,,,,,,,
FTP,RESTEnabled=false,Generic FTP,ftptest5,localhost,5021,inbox\,outbox\,sentbox\,receivebox\,ftptest5,ftptest5,cleo,,,,,,,,,,,,send,PUT * ,,,,,,,,,,,
FTP,RESTEnabled=false,Generic FTP,ftptest6,localhost,5021,inbox\,outbox\,sentbox\,receivebox\,ftptest6,ftptest6,cleo,,,,,,,,,,,,send,PUT * ,,,,,,,,,,,
FTP,RESTEnabled=false,Generic FTP,ftptest7,localhost,5021,inbox\,outbox\,sentbox\,receivebox\,ftptest7,ftptest7,cleo,,,,,,,,,,,,send,PUT * ,,,,,,,,,,,
FTP,RESTEnabled=false,Generic FTP,ftptest8,localhost,5021,inbox\,outbox\,sentbox\,receivebox\,ftptest8,ftptest8,cleo,,,,,,,,,,,,send,PUT * ,,,,,,,,,,,
FTP,RESTEnabled=false,Generic FTP,ftptest9,localhost,5021,inbox\,outbox\,sentbox\,receivebox\,ftptest9,ftptest9,cleo,,,,,,,,,,,,send,PUT * ,,,,,,,,,,,
FTP,RESTEnabled=false,Generic FTP,ftptest10,localhost,5021,inbox\,outbox\,sentbox\,receivebox\,ftptest10,ftptest10,cleo,,,,,,,,,,,,send,PUT * ,,,,,,,,,,,
FTP,RESTEnabled=false,Generic FTP,ftptest11,localhost,5021,inbox\,outbox\,sentbox\,receivebox\,ftptest11,ftptest11,cleo,,,,,,,,,,,,send,PUT * ,,,,,,,,,,,
FTP,RESTEnabled=false,Generic FTP,ftptest12,localhost,5021,inbox\,outbox\,sentbox\,receivebox\,ftptest12,ftptest12,cleo,,,,,,,,,,,,send,PUT * ,,,,,,,,,,,
FTP,RESTEnabled=false,Generic FTP,ftptest13,localhost,5021,inbox\,outbox\,sentbox\,receivebox\,ftptest13,ftptest13,cleo,,,,,,,,,,,,send,PUT * ,,,,,,,,,,,
FTP,RESTEnabled=false,Generic FTP,ftptest14,localhost,5021,inbox\,outbox\,sentbox\,receivebox\,ftptest14,ftptest14,cleo,,,,,,,,,,,,send,PUT * ,,,,,,,,,,,
FTP,RESTEnabled=false,Generic FTP,ftptest15,localhost,5021,inbox\,outbox\,sentbox\,receivebox\,ftptest15,ftptest15,cleo,,,,,,,,,,,,send,PUT * ,,,,,,,,,,,
FTP,RESTEnabled=false,Generic FTP,ftptest16,localhost,5021,inbox\,outbox\,sentbox\,receivebox\,ftptest16,ftptest16,cleo,,,,,,,,,,,,send,PUT * ,,,,,,,,,,,
FTP,RESTEnabled=false,Generic FTP,ftptest17,localhost,5021,inbox\,outbox\,sentbox\,receivebox\,ftptest17,ftptest17,cleo,,,,,,,,,,,,send,PUT * ,,,,,,,,,,,
FTP,RESTEnabled=false,Generic FTP,ftptest18,localhost,5021,inbox\,outbox\,sentbox\,receivebox\,ftptest18,ftptest18,cleo,,,,,,,,,,,,send,PUT * ,,,,,,,,,,,
FTP,RESTEnabled=false,Generic FTP,ftptest19,localhost,5021,inbox\,outbox\,sentbox\,receivebox\,ftptest19,ftptest19,cleo,,,,,,,,,,,,send,PUT * ,,,,,,,,,,,
FTP,RESTEnabled=false,Generic FTP,ftptest20,localhost,5021,inbox\,outbox\,sentbox\,receivebox\,ftptest20,ftptest20,cleo,,,,,,,,,,,,send,PUT * ,,,,,,,,,,,
FTP,RESTEnabled=false,Generic FTP,ftptest21,localhost,5021,inbox\,outbox\,sentbox\,receivebox\,ftptest21,ftptest21,cleo,,,,,,,,,,,,send,PUT * ,,,,,,,,,,,
FTP,RESTEnabled=false,Generic FTP,ftptest22,localhost,5021,inbox\,outbox\,sentbox\,receivebox\,ftptest22,ftptest22,cleo,,,,,,,,,,,,send,PUT * ,,,,,,,,,,,
FTP,RESTEnabled=false,Generic FTP,ftptest23,localhost,5021,inbox\,outbox\,sentbox\,receivebox\,ftptest23,ftptest23,cleo,,,,,,,,,,,,send,PUT * ,,,,,,,,,,,
FTP,RESTEnabled=false,Generic FTP,ftptest24,localhost,5021,inbox\,outbox\,sentbox\,receivebox\,ftptest24,ftptest24,cleo,,,,,,,,,,,,send,PUT * ,,,,,,,,,,,
FTP,RESTEnabled=false,Generic FTP,ftptest25,localhost,5021,inbox\,outbox\,sentbox\,receivebox\,ftptest25,ftptest25,cleo,,,,,,,,,,,,send,PUT * ,,,,,,,,,,,
FTP,RESTEnabled=false,Generic FTP,ftptest26,localhost,5021,inbox\,outbox\,sentbox\,receivebox\,ftptest26,ftptest26,cleo,,,,,,,,,,,,send,PUT * ,,,,,,,,,,,
FTP,RESTEnabled=false,Generic FTP,ftptest27,localhost,5021,inbox\,outbox\,sentbox\,receivebox\,ftptest27,ftptest27,cleo,,,,,,,,,,,,send,PUT * ,,,,,,,,,,,
FTP,RESTEnabled=false,Generic FTP,ftptest28,localhost,5021,inbox\,outbox\,sentbox\,receivebox\,ftptest28,ftptest28,cleo,,,,,,,,,,,,send,PUT * ,,,,,,,,,,,
FTP,RESTEnabled=false,Generic FTP,ftptest29,localhost,5021,inbox\,outbox\,sentbox\,receivebox\,ftptest29,ftptest29,cleo,,,,,,,,,,,,send,PUT * ,,,,,,,,,,,
FTP,RESTEnabled=false,Generic FTP,ftptest30,localhost,5021,inbox\,outbox\,sentbox\,receivebox\,ftptest30,ftptest30,cleo,,,,,,,,,,,,send,PUT * ,,,,,,,,,,,
FTP,RESTEnabled=false,Generic FTP,ftptest31,localhost,5021,inbox\,outbox\,sentbox\,receivebox\,ftptest31,ftptest31,cleo,,,,,,,,,,,,send,PUT * ,,,,,,,,,,,
FTP,RESTEnabled=false,Generic FTP,ftptest32,localhost,5021,inbox\,outbox\,sentbox\,receivebox\,ftptest32,ftptest32,cleo,,,,,,,,,,,,send,PUT * ,,,,,,,,,,,
FTP,RESTEnabled=false,Generic FTP,ftptest33,localhost,5021,inbox\,outbox\,sentbox\,receivebox\,ftptest33,ftptest33,cleo,,,,,,,,,,,,send,PUT * ,,,,,,,,,,,
FTP,RESTEnabled=false,Generic FTP,ftptest34,localhost,5021,inbox\,outbox\,sentbox\,receivebox\,ftptest34,ftptest34,cleo,,,,,,,,,,,,send,PUT * ,,,,,,,,,,,
FTP,RESTEnabled=false,Generic FTP,ftptest35,localhost,5021,inbox\,outbox\,sentbox\,receivebox\,ftptest35,ftptest35,cleo,,,,,,,,,,,,send,PUT * ,,,,,,,,,,,
FTP,RESTEnabled=false,Generic FTP,ftptest36,localhost,5021,inbox\,outbox\,sentbox\,receivebox\,ftptest36,ftptest36,cleo,,,,,,,,,,,,send,PUT * ,,,,,,,,,,,
FTP,RESTEnabled=false,Generic FTP,ftptest37,localhost,5021,inbox\,outbox\,sentbox\,receivebox\,ftptest37,ftptest37,cleo,,,,,,,,,,,,send,PUT * ,,,,,,,,,,,
FTP,RESTEnabled=false,Generic FTP,ftptest38,localhost,5021,inbox\,outbox\,sentbox\,receivebox\,ftptest38,ftptest38,cleo,,,,,,,,,,,,send,PUT * ,,,,,,,,,,,
FTP,RESTEnabled=false,Generic FTP,ftptest39,localhost,5021,inbox\,outbox\,sentbox\,receivebox\,ftptest39,ftptest39,cleo,,,,,,,,,,,,send,PUT * ,,,,,,,,,,,
FTP,RESTEnabled=false,Generic FTP,ftptest40,localhost,5021,inbox\,outbox\,sentbox\,receivebox\,ftptest40,ftptest40,cleo,,,,,,,,,,,,send,PUT * ,,,,,,,,,,,
FTP,RESTEnabled=false,Generic FTP,ftptest41,localhost,5021,inbox\,outbox\,sentbox\,receivebox\,ftptest41,ftptest41,cleo,,,,,,,,,,,,send,PUT * ,,,,,,,,,,,
FTP,RESTEnabled=false,Generic FTP,ftptest42,localhost,5021,inbox\,outbox\,sentbox\,receivebox\,ftptest42,ftptest42,cleo,,,,,,,,,,,,send,PUT * ,,,,,,,,,,,
FTP,RESTEnabled=false,Generic FTP,ftptest43,localhost,5021,inbox\,outbox\,sentbox\,receivebox\,ftptest43,ftptest43,cleo,,,,,,,,,,,,send,PUT * ,,,,,,,,,,,
FTP,RESTEnabled=false,Generic FTP,ftptest44,localhost,5021,inbox\,outbox\,sentbox\,receivebox\,ftptest44,ftptest44,cleo,,,,,,,,,,,,send,PUT * ,,,,,,,,,,,
FTP,RESTEnabled=false,Generic FTP,ftptest45,localhost,5021,inbox\,outbox\,sentbox\,receivebox\,ftptest45,ftptest45,cleo,,,,,,,,,,,,send,PUT * ,,,,,,,,,,,
FTP,RESTEnabled=false,Generic FTP,ftptest46,localhost,5021,inbox\,outbox\,sentbox\,receivebox\,ftptest46,ftptest46,cleo,,,,,,,,,,,,send,PUT * ,,,,,,,,,,,
FTP,RESTEnabled=false,Generic FTP,ftptest47,localhost,5021,inbox\,outbox\,sentbox\,receivebox\,ftptest47,ftptest47,cleo,,,,,,,,,,,,send,PUT * ,,,,,,,,,,,
FTP,RESTEnabled=false,Generic FTP,ftptest48,localhost,5021,inbox\,outbox\,sentbox\,receivebox\,ftptest48,ftptest48,cleo,,,,,,,,,,,,send,PUT * ,,,,,,,,,,,
FTP,RESTEnabled=false,Generic FTP,ftptest49,localhost,5021,inbox\,outbox\,sentbox\,receivebox\,ftptest49,ftptest49,cleo,,,,,,,,,,,,send,PUT * ,,,,,,,,,,,
FTP,RESTEnabled=false,Generic FTP,ftptest50,localhost,5021,inbox\,outbox\,sentbox\,receivebox\,ftptest50,ftptest50,cleo,,,,,,,,,,,,send,PUT * ,,,,,,,,,,,
FTP,RESTEnabled=false,Generic FTP,ftptest51,localhost,5021,inbox\,outbox\,sentbox\,receivebox\,ftptest51,ftptest51,cleo,,,,,,,,,,,,send,PUT * ,,,,,,,,,,,
FTP,RESTEnabled=false,Generic FTP,ftptest52,localhost,5021,inbox\,outbox\,sentbox\,receivebox\,ftptest52,ftptest52,cleo,,,,,,,,,,,,send,PUT * ,,,,,,,,,,,
FTP,RESTEnabled=false,Generic FTP,ftptest53,localhost,5021,inbox\,outbox\,sentbox\,receivebox\,ftptest53,ftptest53,cleo,,,,,,,,,,,,send,PUT * ,,,,,,,,,,,
FTP,RESTEnabled=false,Generic FTP,ftptest54,localhost,5021,inbox\,outbox\,sentbox\,receivebox\,ftptest54,ftptest54,cleo,,,,,,,,,,,,send,PUT * ,,,,,,,,,,,
FTP,RESTEnabled=false,Generic FTP,ftptest55,localhost,5021,inbox\,outbox\,sentbox\,receivebox\,ftptest55,ftptest55,cleo,,,,,,,,,,,,send,PUT * ,,,,,,,,,,,
FTP,RESTEnabled=false,Generic FTP,ftptest56,localhost,5021,inbox\,outbox\,sentbox\,receivebox\,ftptest56,ftptest56,cleo,,,,,,,,,,,,send,PUT * ,,,,,,,,,,,
FTP,RESTEnabled=false,Generic FTP,ftptest57,localhost,5021,inbox\,outbox\,sentbox\,receivebox\,ftptest57,ftptest57,cleo,,,,,,,,,,,,send,PUT * ,,,,,,,,,,,
FTP,RESTEnabled=false,Generic FTP,ftptest58,localhost,5021,inbox\,outbox\,sentbox\,receivebox\,ftptest58,ftptest58,cleo,,,,,,,,,,,,send,PUT * ,,,,,,,,,,,
FTP,RESTEnabled=false,Generic FTP,ftptest59,localhost,5021,inbox\,outbox\,sentbox\,receivebox\,ftptest59,ftptest59,cleo,,,,,,,,,,,,send,PUT * ,,,,,,,,,,,
FTP,RESTEnabled=false,Generic FTP,ftptest60,localhost,5021,inbox\,outbox\,sentbox\,receivebox\,ftptest60,ftptest60,cleo,,,,,,,,,,,,send,PUT * ,,,,,,,,,,,
FTP,RESTEnabled=false,Generic FTP,ftptest61,localhost,5021,inbox\,outbox\,sentbox\,receivebox\,ftptest61,ftptest61,cleo,,,,,,,,,,,,send,PUT * ,,,,,,,,,,,
FTP,RESTEnabled=false,Generic FTP,ftptest62,localhost,5021,inbox\,outbox\,sentbox\,receivebox\,ftptest62,ftptest62,cleo,,,,,,,,,,,,send,PUT * ,,,,,,,,,,,
FTP,RESTEnabled=false,Generic FTP,ftptest63,localhost,5021,inbox\,outbox\,sentbox\,receivebox\,ftptest63,ftptest63,cleo,,,,,,,,,,,,send,PUT * ,,,,,,,,,,,
FTP,RESTEnabled=false,Generic FTP,ftptest64,localhost,5021,inbox\,outbox\,sentbox\,receivebox\,ftptest64,ftptest64,cleo,,,,,,,,,,,,send,PUT * ,,,,,,,,,,,
FTP,RESTEnabled=false,Generic FTP,ftptest65,localhost,5021,inbox\,outbox\,sentbox\,receivebox\,ftptest65,ftptest65,cleo,,,,,,,,,,,,send,PUT * ,,,,,,,,,,,
FTP,RESTEnabled=false,Generic FTP,ftptest66,localhost,5021,inbox\,outbox\,sentbox\,receivebox\,ftptest66,ftptest66,cleo,,,,,,,,,,,,send,PUT * ,,,,,,,,,,,
FTP,RESTEnabled=false,Generic FTP,ftptest67,localhost,5021,inbox\,outbox\,sentbox\,receivebox\,ftptest67,ftptest67,cleo,,,,,,,,,,,,send,PUT * ,,,,,,,,,,,
FTP,RESTEnabled=false,Generic FTP,ftptest68,localhost,5021,inbox\,outbox\,sentbox\,receivebox\,ftptest68,ftptest68,cleo,,,,,,,,,,,,send,PUT * ,,,,,,,,,,,
FTP,RESTEnabled=false,Generic FTP,ftptest69,localhost,5021,inbox\,outbox\,sentbox\,receivebox\,ftptest69,ftptest69,cleo,,,,,,,,,,,,send,PUT * ,,,,,,,,,,,
FTP,RESTEnabled=false,Generic FTP,ftptest70,localhost,5021,inbox\,outbox\,sentbox\,receivebox\,ftptest70,ftptest70,cleo,,,,,,,,,,,,send,PUT * ,,,,,,,,,,,
FTP,RESTEnabled=false,Generic FTP,ftptest71,localhost,5021,inbox\,outbox\,sentbox\,receivebox\,ftptest71,ftptest71,cleo,,,,,,,,,,,,send,PUT * ,,,,,,,,,,,
FTP,RESTEnabled=false,Generic FTP,ftptest72,localhost,5021,inbox\,outbox\,sentbox\,receivebox\,ftptest72,ftptest72,cleo,,,,,,,,,,,,send,PUT * ,,,,,,,,,,,
FTP,RESTEnabled=false,Generic FTP,ftptest73,localhost,5021,inbox\,outbox\,sentbox\,receivebox\,ftptest73,ftptest73,cleo,,,,,,,,,,,,send,PUT * ,,,,,,,,,,,
FTP,RESTEnabled=false,Generic FTP,ftptest74,localhost,5021,inbox\,outbox\,sentbox\,receivebox\,ftptest74,ftptest74,cleo,,,,,,,,,,,,send,PUT * ,,,,,,,,,,,
FTP,RESTEnabled=false,Generic FTP,ftptest75,localhost,5021,inbox\,outbox\,sentbox\,receivebox\,ftptest75,ftptest75,cleo,,,,,,,,,,,,send,PUT * ,,,,,,,,,,,
FTP,RESTEnabled=false,Generic FTP,ftptest76,localhost,5021,inbox\,outbox\,sentbox\,receivebox\,ftptest76,ftptest76,cleo,,,,,,,,,,,,send,PUT * ,,,,,,,,,,,
FTP,RESTEnabled=false,Generic FTP,ftptest77,localhost,5021,inbox\,outbox\,sentbox\,receivebox\,ftptest77,ftptest77,cleo,,,,,,,,,,,,send,PUT * ,,,,,,,,,,,
FTP,RESTEnabled=false,Generic FTP,ftptest78,localhost,5021,inbox\,outbox\,sentbox\,receivebox\,ftptest78,ftptest78,cleo,,,,,,,,,,,,send,PUT * ,,,,,,,,,,,
FTP,RESTEnabled=false,Generic FTP,ftptest79,localhost,5021,inbox\,outbox\,sentbox\,receivebox\,ftptest79,ftptest79,cleo,,,,,,,,,,,,send,PUT * ,,,,,,,,,,,
FTP,RESTEnabled=false,Generic FTP,ftptest80,localhost,5021,inbox\,outbox\,sentbox\,receivebox\,ftptest80,ftptest80,cleo,,,,,,,,,,,,send,PUT * ,,,,,,,,,,,
FTP,RESTEnabled=false,Generic FTP,ftptest81,localhost,5021,inbox\,outbox\,sentbox\,receivebox\,ftptest81,ftptest81,cleo,,,,,,,,,,,,send,PUT * ,,,,,,,,,,,
FTP,RESTEnabled=false,Generic FTP,ftptest82,localhost,5021,inbox\,outbox\,sentbox\,receivebox\,ftptest82,ftptest82,cleo,,,,,,,,,,,,send,PUT * ,,,,,,,,,,,
FTP,RESTEnabled=false,Generic FTP,ftptest83,localhost,5021,inbox\,outbox\,sentbox\,receivebox\,ftptest83,ftptest83,cleo,,,,,,,,,,,,send,PUT * ,,,,,,,,,,,
FTP,RESTEnabled=false,Generic FTP,ftptest84,localhost,5021,inbox\,outbox\,sentbox\,receivebox\,ftptest84,ftptest84,cleo,,,,,,,,,,,,send,PUT * ,,,,,,,,,,,
FTP,RESTEnabled=false,Generic FTP,ftptest85,localhost,5021,inbox\,outbox\,sentbox\,receivebox\,ftptest85,ftptest85,cleo,,,,,,,,,,,,send,PUT * ,,,,,,,,,,,
FTP,RESTEnabled=false,Generic FTP,ftptest86,localhost,5021,inbox\,outbox\,sentbox\,receivebox\,ftptest86,ftptest86,cleo,,,,,,,,,,,,send,PUT * ,,,,,,,,,,,
FTP,RESTEnabled=false,Generic FTP,ftptest87,localhost,5021,inbox\,outbox\,sentbox\,receivebox\,ftptest87,ftptest87,cleo,,,,,,,,,,,,send,PUT * ,,,,,,,,,,,
FTP,RESTEnabled=false,Generic FTP,ftptest88,localhost,5021,inbox\,outbox\,sentbox\,receivebox\,ftptest88,ftptest88,cleo,,,,,,,,,,,,send,PUT * ,,,,,,,,,,,
FTP,RESTEnabled=false,Generic FTP,ftptest89,localhost,5021,inbox\,outbox\,sentbox\,receivebox\,ftptest89,ftptest89,cleo,,,,,,,,,,,,send,PUT * ,,,,,,,,,,,
FTP,RESTEnabled=false,Generic FTP,ftptest90,localhost,5021,inbox\,outbox\,sentbox\,receivebox\,ftptest90,ftptest90,cleo,,,,,,,,,,,,send,PUT * ,,,,,,,,,,,
FTP,RESTEnabled=false,Generic FTP,ftptest91,localhost,5021,inbox\,outbox\,sentbox\,receivebox\,ftptest91,ftptest91,cleo,,,,,,,,,,,,send,PUT * ,,,,,,,,,,,
FTP,RESTEnabled=false,Generic FTP,ftptest92,localhost,5021,inbox\,outbox\,sentbox\,receivebox\,ftptest92,ftptest92,cleo,,,,,,,,,,,,send,PUT * ,,,,,,,,,,,
FTP,RESTEnabled=false,Generic FTP,ftptest93,localhost,5021,inbox\,outbox\,sentbox\,receivebox\,ftptest93,ftptest93,cleo,,,,,,,,,,,,send,PUT * ,,,,,,,,,,,
FTP,RESTEnabled=false,Generic FTP,ftptest94,localhost,5021,inbox\,outbox\,sentbox\,receivebox\,ftptest94,ftptest94,cleo,,,,,,,,,,,,send,PUT * ,,,,,,,,,,,
FTP,RESTEnabled=false,Generic FTP,ftptest95,localhost,5021,inbox\,outbox\,sentbox\,receivebox\,ftptest95,ftptest95,cleo,,,,,,,,,,,,send,PUT * ,,,,,,,,,,,
FTP,RESTEnabled=false,Generic FTP,ftptest96,localhost,5021,inbox\,outbox\,sentbox\,receivebox\,ftptest96,ftptest96,cleo,,,,,,,,,,,,send,PUT * ,,,,,,,,,,,
FTP,RESTEnabled=false,Generic FTP,ftptest97,localhost,5021,inbox\,outbox\,sentbox\,receivebox\,ftptest97,ftptest97,cleo,,,,,,,,,,,,send,PUT * ,,,,,,,,,,,
FTP,RESTEnabled=false,Generic FTP,ftptest98,localhost,5021,inbox\,outbox\,sentbox\,receivebox\,ftptest98,ftptest98,cleo,,,,,,,,,,,,send,PUT * ,,,,,,,,,,,
FTP,RESTEnabled=false,Generic FTP,ftptest99,localhost,5021,inbox\,outbox\,sentbox\,receivebox\,ftptest99,ftptest99,cleo,,,,,,,,,,,,send,PUT * ,,,,,,,,,,,
FTP,RESTEnabled=false,Generic FTP,ftptest100,localhost,5021,inbox\,outbox\,sentbox\,receivebox\,ftptest100,ftptest100,cleo,,,,,,,,,,,,send,PUT * ,,,,,,,,,,,
